{"playerPosition":{"x":238.87095642089845,"y":15.313859939575196,"z":0.0},"vidaMaxima":3,"vida":3,"PUvida":false,"PUDobleDanio":false}