{"playerPosition":{"x":8.599311828613282,"y":1.6249560117721558,"z":0.0},"vidaMaxima":3,"vida":3,"PUvida":false,"PUDobleDanio":false}