{"playerPosition":{"x":114.227783203125,"y":8.693771362304688,"z":0.0},"vidaMaxima":6,"vida":5,"PUvida":true,"PUDobleDanio":false}